family,model,role_hint,od_mm,height_mm,mass_g,hollow_id_mm,config,v_nom_v,i_load_a,rpm_noload,torque_load_nm,torque_rated_nm,power_max_w,resistance_ohm,j_rotor_g_cm2,reduction,notes,
iPower,GM6208,j3_candidate,69.5,24,249,22,24N/28P,20,1.2,209-231,0.26-0.36,,25,32,,,pursue_set;_gimbal_load_derate_needed;_gimbal_load_torque;_J_unknown,
iPower,GM110-8,proximal_candidate,110,26,534,,24N/28P,20,2,125-139,0.78-1.18,,60,20.19,,,no_hollow;_gimbal_load,
iPower,GM110-10,proximal_candidate,110,26,532,22,36N/42P,20,2,292-323,0.88-1.47,,80,4.16,,,pursue_set;_hollow;_higher_tau_class;_gimbal_load_derate_needed,
iPower,GM8112,proximal_candidate,89.5,26,428,22,36N/42P,20,2,380-420,0.59-0.88,,80,4.2,,,pursue_set;_hollow;_gimbal_load_derate_needed,
iPower,GM5208,proximal_light_or_distal,63,22.7,195,12,12N/14P,20,1,456-504,0.18-0.25,,40,15.2,,,,
iPower,GM5208-24,proximal_light_or_distal,59.5,31.2,204,12.6,24N/22P,20,1,396-436,0.18-0.25,,40,13.7,,,,
iPower,GM5208-12,proximal_light_or_distal,63,30.7,209,12,12N/14P,20,1,456-504,0.18-0.25,,40,15.2,,,encoder_housing_variant,
iPower,GM4108H,distal_candidate,47,32.3,124,8,24N/22P,20,1.5,513-567,0.12-0.18,,25,11.1,,,pursue_set,
iPower,GM3506,distal,40,17.8,64,8.6,24N/22P,12-16,1,2149-2375,0.06-0.10,,25,5.6,,,,
iPower,GM2804,smoke_test,35,15,42.3,6.5,12N/14P,10,0.8,1602-1771,0.025-0.035,,25,9,,,pursue_set,
iPower,GBM2804H-100T,smoke_test,35,15,39,5,12N/14P,10,0.8,1468-1622,0.025-0.035,,25,10,,,,
T-Motor,GB2208,smoke_test,27.5,23,39.5,6,12N14P,14.8,,1420-1894,,0.07,,14.4,,,orig_voltage:3-4S;_orig_kv:128,
T-Motor,GB4106,distal,47.75,20,70.0,5.6,12N14P,22.2,,588-1176,,0.20,,15.3,,,orig_voltage:3-6S;_orig_kv:53,
T-Motor,GB36-1,distal,41.8,24.3,88.0,5.6,12N14P,22.2,,555-1110,,0.24,,15.6,,,orig_voltage:3-6S;_orig_kv:50,
T-Motor,GB36-2,distal_candidate,42.5,30,128,5.6,12N14P,22.2,,333-666,,0.36,,16.4,,,pursue_set;_orig_voltage:3-6S;_orig_kv:30,
T-Motor,GB54-1,proximal_light,60.7,23,137,12.7,12N14P,22.2,,366-732,,0.33,,15.6,,,orig_voltage:3-6S;_orig_kv:33,
T-Motor,GB54-2,proximal_light,60.7,25,156,12.7,12N14P,22.2,,288-577,,0.45,,15,,,orig_voltage:3-6S;_orig_kv:26,
Fulling,iSVD46C-48V-17-A14-001,distal_integrated,46,44,310,,28P,48,1.7,480,,1.6,16.7,,,10,pursue_set;_FOC_module;_dual_enc;_output_torque;_peak_torque:5.5;_rpm_load:100,
Fulling,iSVD57C-48V-40-A14-001,j3_or_light_prox,57,51,310,,28P,48,3.4,315,,5,140,1.5,,10,FOC_module;_dual_enc;_output_torque;_peak_torque:14;_rpm_load:260;_verify_weight_spec_310g,
Fulling,iSVD78C-36V-10-A14-001,j3_or_proximal_light,78.5,45.5,380,,28P,48,4.9,410,,6,170,0.55,,7.75,pursue_set;_FOC_module;_dual_enc;_output_torque;_peak_torque:17;_rpm_load:360;_verify_model_index_36V,
Fulling,iSVD88C-48V-480-A14-001,proximal,88,55.5,621,,28P,48,10.1,480,,11,115,,,9,pursue_set;_FOC_module;_dual_enc;_output_torque;_peak_torque:36;_rpm_load:100;_matches_prox_band,
Fulling,iSVD110C-48V-410-A14-001,proximal_heavy,110,56.6,900,,42P,48,8.5,195,,20,380,0.39,,9,FOC_module;_dual_enc;_output_torque;_peak_torque:60;_rpm_load:180;_upper_prox;_mass_high,
Fulling,FL45BLW18-24V-7130A,distal_raw,45,18,80,,16P,24,1.7,5000,,0.05,30,1.42,100,,i_stall_calc;_peak_i:4.3A;_stall_torque:0.06;_peak_torque:0.15,
Fulling,FL45BLW21-24V-6750A,distal_raw,45,21.6,120,,16P,24,2.91,5260,,0.084,50,0.72,135,,pursue_set;_i_stall_calc;_peak_i:7.4A;_stall_torque:0.10;_peak_torque:0.25,
Fulling,FL45BLW27-24V-6170A,distal_or_j3_raw,45,27,150,,16P,24,4.2,4840,,0.13,70,0.56,180,,pursue_set;_i_stall_calc;_peak_i:11A;_stall_torque:0.156;_peak_torque:0.39;_LIMS1-like_J_order,
Fulling,FL60BLW38-24V-37110A-1,proximal_raw,60,38,500,,14P,24,6.96,3700,,0.29,110,0.29,1000,,pursue_set;_i_stall_calc;_peak_i:17.4A;_stall_torque:0.348;_peak_torque:0.87;_needs_moderate_N,
Fulling,FL60BLW42-24V-37110A-EN,proximal_raw,60,42,480,,14P,24,6.96,3500,,0.29,106,0.23,1000,,i_stall_calc;_peak_i:17A;_stall_torque:0.348;_peak_torque:0.87;_needs_moderate_N;_encoder_variant,
Fulling,FL90BLW27-24V-27130A,proximal_raw,90,27,600,,22P,24,7.8,2700,,0.457,130,0.21,3000,,i_stall_calc;_peak_i:23A;_stall_torque:0.548;_peak_torque:1.6;_high_J,
Fulling,FL90BLW40-48V-16170A,proximal_raw,90,40,1000,,22P,48,4.8,1670,,0.964,169,0.65,5000,,i_stall_calc;_peak_i:13A;_stall_torque:1.157;_peak_torque:3;_high_J;_48V,
Fulling,FL90BLW42-48V-16170A-EN,proximal_raw,90,41.5,1100,,22P,48,5,1670,,0.964,169,0.64,5000,,i_stall_calc;_peak_i:13A;_stall_torque:1.156;_peak_torque:3;_high_J;_48V,
Fulling,FL32BLW18-9V-3706A,distal_smoke_test,32,18,50,,8P,9,1.54,2100,,0.0295,6,2.87,35,,pursue_set;_i_stall_calc;_peak_i:3.4A;_stall_torque:0.0354;_peak_torque:0.0738;_low_J,
Fulling,FL32BLW18-24V-4507A,distal_smoke_test,32,18,50,,8P,24,0.6,2760,,0.0255,7,13.7,35,,pursue_set;_i_stall_calc;_peak_i:1.7A;_stall_torque:0.0306;_peak_torque:0.0765;_low_J,
Fulling,FL36CBL50-24V-4828A,distal_raw,36,50,230,,8P,24,1.7,4800,,0.055,28,1.2,22,,i_stall_calc;_peak_i:4.3A;_stall_torque:0.066;_peak_torque:0.165;_low_J,
Fulling,FL36CBL50-24V-4845A,distal_raw,36,65,280,,8P,24,2.7,4800,,0.09,45,0.88,32,,i_stall_calc;_peak_i:6.8A;_stall_torque:0.108;_peak_torque:0.27;_low_J,
Fulling,FL48CBL68-24V-3060A,j3_or_light_proximal_raw,48,68,500,,10P,24,5.7,3000,,0.18,60,0.7,80,,i_stall_calc;_peak_i:9.4A;_stall_torque:0.216;_peak_torque:0.54,
CubeMars,AK10-9-V3-KV60,proximal_qdd,98,61.7,940,,36N42P,48,10.7,320,,18,442,0.248,1002,9,FOC_module;_dual_enc;_peak_torque:53;_price_oom:700-800USD;_J_motor_side,
CubeMars,AK10-9-V2-KV60,proximal_qdd,98,61.7,960,,42P,24/48,10.6,160/320,,18,430,0.195,1002,9,FOC_module;_dual_enc;_peak_torque:48;_J_approx_same_family;_price_oom:700-800USD,
CubeMars,AK80-9-V3-KV100,proximal_qdd,98,38.5,490,,36N42P,48,12,570,,9,368,0.16,1118,9,FOC_module;_single_enc;_peak_torque:22;_J_from_detail_sheet;_price_oom:480-580USD,
CubeMars,AK80-8-KV60,proximal_qdd,98,43.9,570,,42P,48,6.9,360,,10,230,0.43,1233,8,FOC_module;_dual_enc;_peak_torque:25;_backdrive:0.75Nm;_price_oom:470-570USD,
CubeMars,AK70-10-KV100,proximal_or_j3_qdd,89,50.25,621,,42P,24/48,7.2,240/480,,8.3,230,0.272,754,10,FOC_module;_single_enc;_peak_torque:24.8;_price_oom:400-500USD,
CubeMars,AK70-9-V3-KV60,proximal_or_j3_qdd,89,49,540,,42P,48,6.25,320,,8.5,231,0.475,866,9,FOC_module;_dual_enc;_peak_torque:29.2;_backdrive:0.8Nm;_price_oom:400-500USD,
CubeMars,AK60-6-V3-KV80,distal_or_j3_qdd,79,43,380,,24N28P,24/48,3.8,320/640,,3,74,0.595,244,6,FOC_module;_single_enc;_peak_torque:9;_backdrive:0.2Nm;_price_oom:230-300USD,
CubeMars,AK60-6-V1.1-KV140,distal_or_j3_qdd,79,39.5,368,,28P,24,6.5,560,,3,130,0.2,244,6,FOC_module;_single_enc;_peak_torque:9;_price_oom:300USD,
CubeMars,AK45-10-V3-KV75,distal_qdd,53,45.2,262,,24N28P,24,1.9,180,,2.5,39,2.2,157,10,FOC_module;_dual_enc;_peak_torque:7;_backdrive:0.1Nm;_price_oom:156USD,
CubeMars,AK40-10-V3-KV170,distal_light_qdd,53,40.2,190,,24N28P,24,2.7,435,,1.3,50,0.978,97,10,FOC_module;_dual_enc;_peak_torque:4.1;_backdrive:0.06Nm;_price_oom:136USD,
CubeMars,AKE80-8-KV30,proximal_qdd_no_driver,87,32,570,,42P,48,4.8,195,,12,188,0.87,1472,8,QDD_motor+G;_NO_integrated_driver;_peak_torque:30,
CubeMars,AKE60-8-KV80,distal_or_j3_qdd_no_driver,69,25,260,,28P,24,4.8,240,,5,95,0.577,647,8,QDD_motor+G;_NO_integrated_driver;_peak_torque:12.5,
